[
    {
        "nome": "Hunos Bier",
        "estilo": "IPA",
        "abv": "6,2",
        "ibu": "60",
        "valor300": "10",
        "valor473": "16",
        "valor1000": "28",
        "imagem": "1"
    },
    {
        "nome": "Ouro Pretana",
        "estilo": "Pilsen",
        "abv": "4,6",
        "ibu": "13",
        "valor300": "8",
        "valor473": "12",
        "valor1000": "22",
        "imagem": "1"
    },
    {
        "nome": "Capa Preta",
        "estilo": "Black IPA",
        "abv": "8,0",
        "ibu": "80",
        "valor300": "15",
        "valor473": "23",
        "valor1000": "44",
        "imagem": "1"
    },
    {
        "nome": "Capa Preta",
        "estilo": "Black IPA",
        "abv": "8,0",
        "ibu": "80",
        "valor300": "15",
        "valor473": "23",
        "valor1000": "44",
        "imagem": "1"
    },
    {
        "nome": "Capa Preta",
        "estilo": "Black IPA",
        "abv": "8,0",
        "ibu": "80",
        "valor300": "15",
        "valor473": "23",
        "valor1000": "44",
        "imagem": "1"
    },
    {
        "nome": "Capa Preta",
        "estilo": "Black IPA",
        "abv": "8,0",
        "ibu": "80",
        "valor300": "15",
        "valor473": "23",
        "valor1000": "44",
        "imagem": "1"
    },
    {
        "nome": "Capa Preta",
        "estilo": "Black IPA",
        "abv": "8,0",
        "ibu": "80",
        "valor300": "15",
        "valor473": "23",
        "valor1000": "44",
        "imagem": "1"
    },
    {
        "nome": "Capa Preta",
        "estilo": "Black IPA",
        "abv": "8,0",
        "ibu": "80",
        "valor300": "15",
        "valor473": "23",
        "valor1000": "44",
        "imagem": "1"
    }
]